agency,funding,economic_output,job_days,labor_income
All,1.41752E+11,3.22983E+11,393535114,1.14989E+11
DOE,37667000000,90625500209,100754367,31153577307
DOI,6050000000,14138511766,24406195,6185615770
DOT,5205000000,12923450631,15274216,4312866647
EPA,33550000000,75021373315,77763835,25286047769
NOAA,2600000000,6776604940,10495946,3045758740
USDA,38749000000,82620332824,117761707,30559912628
Other,17931400000,40877441969,47078846,14445101633
